model_name,family,validation_mode,selected_threshold,test_auc,test_pr_auc,test_f1,test_precision,test_recall
xgboost_ieee_retrained,XGBClassifier,ieee_native_retrained,0.65,0.7934189249978724,0.3462338472872941,0.3888888888888889,0.4117647058823529,0.3684210526315789
xgboost_frozen_paysim,XGBClassifier,frozen_model_external_validation,0.5,0.5306160381121916,0.03721568953329709,0.011661807580174927,0.020833333333333332,0.008097165991902834
