model_name,seeds,auc_mean,auc_std,f1_mean,f1_std,precision_mean,precision_std,recall_mean,recall_std,pr_auc_mean,pr_auc_std
hist_gradient_boosting,"42,43,44",0.999928,3.1e-05,0.996912,0.001264,1.0,0.0,0.993846,0.002512,0.997444,0.000898
xgboost,"42,43,44",0.998649,0.000189,0.992077,0.000958,0.988792,0.000725,0.995385,0.001256,0.997216,0.000238
